QUESTION,ANSWER
차량의 외부에서 전방 레이더의 위치는 어디에 있나요?,차량의 외부에서 전방 레이더의 위치는 앞쪽에 있습니다.
차량 내부에서 전자식 파킹 브레이크(EPB) 스위치의 위치는 어디에 있나요?,차량 내부에서 전자식 파킹 브레이크(EPB) 스위치의 위치는 운전석 주변에 있습니다.
차량 내부에서 스마트폰 인증 패드/무선 충전 패드의 위치는 어디에 있나요?,차량 내부에서 스마트폰 인증 패드/무선 충전 패드의 위치는 중앙 콘솔 근처에 있습니다.
차량의 엔진룸에서 엔진 오일을 점검할 때 필요한 두 가지 부품은 무엇인가요?,차량의 엔진룸에서 엔진 오일을 점검할 때 필요한 두 가지 부품은 엔진 오일 주입구와 엔진 오일 레벨 게이지입니다.
차량의 타이어 공기압을 조정할 때 해발 고도가 높은 지역에서 주의해야 할 점은 무엇인가요?,"차량의 타이어 공기압을 조정할 때 해발 고도가 높은 지역에서는 대기의 압력이 낮아지므로 추천 공기압보다 더 보충해야 하며, 해발 고도별 보충 공기압은 +1.5psi/km입니다."
차량의 타이어 에너지 소비 효율 등급에서 회전 저항(RRC)과 젖은 노면 제동력(G)의 등급이 높을수록 각각 어떤 의미를 가지나요?,"차량의 타이어 에너지 소비 효율 등급에서 회전 저항(RRC)의 등급이 높을수록 소비 효율이 높아지고, 젖은 노면 제동력(G)의 등급이 높을수록 젖은 노면에서의 제동력이 좋습니다."
에어컨 시스템에서 지정된 냉매를 사용하지 않을 경우 어떤 문제가 발생할 수 있나요?,에어컨 시스템에서 지정된 냉매를 사용하지 않을 경우 냉방 성능 저하 및 심각한 부품 손상이 발생할 수 있습니다.
Smartstream L3.5 엔진에 추천되는 엔진 오일의 사양은 무엇인가요?,"Smartstream L3.5 엔진에 추천되는 엔진 오일의 사양은 ACEA C3급 또는 C2급, SAE 0W-30입니다."
운전 전 1일 1회 점검해야 할 사항은 무엇인가요?,"운전 전 1일 1회 점검해야 할 사항은 차량 하부에서 기름 및 액체가 새는지, 엔진룸을 열고 냉각수, 각종 오일 및 벨트류의 이상 유무를 확인하고, 차량 외관의 이상 유무를 확인하는 것입니다."
브레이크 오일 리저버 탱크 내의 브레이크 오일양이 부족하거나 급격히 감소되었을 때 어떻게 해야 하나요?,브레이크 오일 리저버 탱크 내의 브레이크 오일양이 부족하거나 급격히 감소되었다면 당사 직영 하이테크센터나 블루핸즈에서 점검을 받아야 합니다.
에어백의 최대 효과를 얻기 위해서는 무엇을 해야 하나요?,"에어백의 최대 효과를 얻기 위해서는 안전벨트를 착용해야 합니다. 그렇지 않으면 실명, 상해, 사망 등의 위험을 당할 수 있습니다."
주행 중 엔진을 끄면 어떤 위험이 발생할 수 있나요?,주행 중 엔진을 끄면 브레이크의 성능이 저하되거나 스티어링 휠이 조작되지 않아 매우 위험합니다.
교차로나 건널목의 한 가운데서 시동이 꺼졌을 때 어떻게 대처해야 하나요?,교차로나 건널목의 한 가운데서 시동이 꺼졌을 때는 주위의 가까운 사람들에게 도움을 받아 차를 안전한 장소까지 이동시켜야 합니다.
차량의 플라스틱 외장 부품을 손상시키지 않기 위해 주차 시 주의해야 할 점은 무엇인가요?,"차량의 플라스틱 외장 부품을 손상시키지 않기 위해서는 스테인리스 간판, 전면 유리 건물 등 외부 구조물에서 반사되는 태양 반사광이 발생할 수 있는 지역을 피해 주차하거나 주차 커버를 사용해야 합니다."
LPG 차량을 장기간(1개월 이상) 주차할 때 주의해야 할 사항은 무엇인가요?,"LPG 차량을 장기간(1개월 이상) 주차할 경우에는 지하 주차장 등과 같은 밀폐된 장소를 피하고, 연료 수동 차단 밸브를 잠가야 합니다."
중앙 좌석을 접는 방법은 무엇인가요?,중앙 좌석을 접는 방법은 3-11 페이지에 설명되어 있습니다.
3인승 밴 차량의 좌석 구성은 어떻게 되어 있나요?,3인승 밴 차량은 1열에 중앙 좌석을 포함하여 총 3좌석으로 구성되어 있습니다.
주행 중에 좌석을 조절하면 어떤 위험이 발생할 수 있나요?,"주행 중에 좌석을 조절하면 운전에 방해가 되고, 사고로 인하여 심하게 다치거나 사망할 수 있습니다."
수동식 좌석의 등받이 각도를 조절하는 방법은 무엇인가요?,"수동식 좌석의 등받이 각도를 조절하는 방법은 먼저 좌석에 앉은 상태에서 등을 앞으로 약간 숙이고, 좌석 바깥쪽에 위치한 좌석 각도 조절 레버를 위로 당긴 후, 원하는 위치로 조절하고, 조절 레버를 놓아 고정시키는 것입니다."
헤드레스트를 분리하는 단계는 무엇인가요?,"헤드레스트를 분리하는 단계는 먼저 등받이 각도 조절 스위치 또는 레버를 사용해 좌석 등받이를 뒤로 젖히고, 헤드레스트를 끝까지 올린 후 잠금 해제 버튼을 누른 상태에서 헤드레스트를 위로 올려 분리하는 것입니다."
프리미엄 릴렉션 시트를 작동할 때 주의해야 할 점은 무엇인가요?,"프리미엄 릴렉션 시트를 작동할 때는 3열 좌석에 탑승자 또는 기타 적재물이 있을 경우 작동하지 말아야 하며, 좌석이 작동 중일 때 신체나 물건이 끼이지 않도록 주의해야 합니다."
레그서포트(종아리 지지대)의 각도와 길이를 조절하는 방법은 무엇인가요?,"레그서포트의 각도는 조절 스위치를 위 또는 아래로 움직여 조절하고, 길이는 조절 스위치를 앞 또는 뒤로 움직여 조절합니다."
2열 좌석의 전후 위치를 조절하는 방법은 무엇인가요?,"2열 좌석의 전후 위치를 조절하려면 좌석 앞쪽에 있는 레버를 위로 당기고, 좌석을 전후 원하는 위치로 조절한 후, 조절 레버를 놓아 고정합니다. 조절 후에는 좌석을 앞뒤로 가볍게 흔들어 확실하게 고정되었는지 확인합니다."
2열 좌석의 등받이 각도를 조절하는 방법은 무엇인가요?,"2열 좌석의 등받이 각도를 조절하는 방법은 좌석에 앉은 상태에서 등을 앞으로 약간 숙이고, 좌석 바깥쪽에 위치한 좌석 각도 조절 레버를 당긴 후, 좌석에 기대어 원하는 위치로 조절하고, 조절 레버를 놓으면 고정됩니다. 조절이 끝나면 조절 레버의 위치가 처음의 상태로 되돌아와 확실하게 등받이가 고정되었는지 확인해야 합니다."
좌석을 접거나 펼 때 앞좌석과 간섭이 생기지 않도록 하기 위해 어떻게 해야 하나요?,좌석을 접거나 펼 때 앞좌석과 간섭이 생기지 않도록 하기 위해 앞좌석을 충분히 앞으로 당겨서 조절해야 합니다.
A 타입 좌석의 암레스트를 사용할 때 어떻게 해야 하나요?,A 타입 좌석 옆의 암레스트를 내려서 사용하십시오.
열선 시트를 사용할 때 주의해야 할 사람들은 누구인가요?,"열선 시트를 사용할 때 주의해야 할 사람들은 유아, 어린이, 노인, 신체 부자유자 또는 기타 질병이 있는 분, 피부가 약한 분, 과로한 분, 과음한 분, 졸음이 올 수 있는 약(수면제, 감기약)을 복용한 분입니다."
통풍 시트를 사용할 때 에어컨과 함께 사용하는 것이 권장되는 이유는 무엇인가요?,통풍 시트를 사용할 때 에어컨과 함께 사용하는 것이 권장되는 이유는 에어컨을 끈 상태에서 장시간 사용하면 성능이 저하될 수 있기 때문입니다.
안전벨트를 착용할 때 주의해야 할 사항은 무엇인가요?,"안전벨트를 착용할 때 주의해야 할 사항은 어깨띠가 목이나 얼굴을 지나지 않도록 하고, 벨트 하나를 두 사람 이상이 착용하지 않으며, 골반띠는 가능한 낮게 골반 부분까지 내려오게 착용하는 것입니다."
뒷좌석 안전벨트를 착용한 후 주행 중 안전벨트를 풀었을 때 차량 속도가 20 km/h 이상일 경우 어떤 경고가 발생하나요?,뒷좌석 안전벨트를 착용한 후 주행 중 안전벨트를 풀었을 때 차량 속도가 20 km/h 이상일 경우 약 35초 동안 경고음이 울리고 경고등이 깜빡입니다.
"에어백 경고등이 시동 'ON' 했을 때 3~6초 이후에도 계속 켜져 있는 경우, 어떤 조치를 취해야 하나요?","에어백 경고등이 시동 'ON' 했을 때 3~6초 이후에도 계속 켜져 있는 경우, 에어백 시스템에 문제가 있을 수 있으므로 즉시 점검을 받아야 합니다."
어린이 보조 좌석을 설치할 때 로어 앵커 주변에 다른 물체가 있는지 확인해야 하는 이유는 무엇인가요?,어린이 보조 좌석을 설치할 때 로어 앵커 주변에 다른 물체가 있는지 확인해야 하는 이유는 물체가 있는 채로 어린이 보조 좌석을 고정하면 시트 시스템이나 어린이 보조 좌석이 손상될 수 있기 때문입니다.
테더 앵커를 성인용 안전벨트 또는 다른 장치에 연결하는 끈의 용도로 사용하면 안 되는 이유는 무엇인가요?,테더 앵커는 바르게 고정된 어린이 보조 좌석의 하중만을 견딜 수 있도록 설계되었기 때문에 성인용 안전벨트 또는 다른 장치에 연결하는 끈의 용도로 사용하면 안 됩니다.
에어백이 작동할 때 주의해야 할 점은 무엇인가요?,"에어백이 작동할 때, 스티어링 휠과 크래시 패드의 에어백 관련 부품이 매우 뜨거우므로 화상을 입지 않도록 에어백이 작동한 직후 내장 부분을 만지지 말아야 합니다."
어린이 보조 좌석을 설치할 때 주의해야 할 점은 무엇인가요?,"어린이 보조 좌석은 동승석이 아닌 뒷좌석에 설치해야 하며, 동승석에 절대 설치하지 말아야 합니다."
운전석 에어백과 무릎 에어백은 각각 어디에 내장되어 있나요?,"운전석 에어백은 스티어링 휠에 내장되어 있으며, 무릎 에어백은 운전석 하단 언더커버부에 내장되어 있습니다."
에어백이 작동하지 않을 수 있는 상황은 무엇인가요?,"에어백이 작동하지 않을 수 있는 상황은 후면 충격, 충돌 사고에서의 2, 3차 충격, 저속 충격입니다."
에어백이 한 번 작동한 후에 해야 할 일은 무엇인가요?,"에어백이 한 번 작동했다면 반드시 교체해야 합니다. 에어백을 직접 분리하거나 버리려고 하지 말고, 당사 직영 하이테크센터나 블루핸즈에서 점검을 받아야 합니다."
차체 자세 제어 (ESC) 장치 작동 표시등과 작동 정지 표시등은 각각 몇 페이지에 설명되어 있나요?,"차체 자세 제어 (ESC) 장치 작동 표시등은 4-15 페이지에, 작동 정지 표시등은 4-15 페이지에 설명되어 있습니다."
디지털 키를 사용하여 시동을 유지하려면 어떻게 해야 하나요?,디지털 키를 사용하여 시동을 유지하려면 디지털 키를 무선 충전기에 올려놓아야 합니다.
"차량의 주행속도가 110 km/h에 도달했을 때, 최고속도 제한장치가 장착된 차량의 경우 어떤 현상이 발생하나요?",차량의 주행속도가 110 km/h에 도달하면 가속 페달을 밟아도 더 이상 속도가 올라가지 않으므로 무리하게 가속 페달을 밟지 말아야 합니다.
안전벨트 경고등이 켜지는 조건은 무엇인가요?,"안전벨트 경고등은 안전벨트를 착용하지 않은 상태에서 시동을 'ON' 하거나, 시동 'ON' 상태에서 안전벨트를 풀면 켜지고 경고음이 6초 동안 울립니다."
주행 중 엔진 오일 압력 경고등이 켜지면 어떻게 해야 하나요?,주행 중 엔진 오일 압력 경고등이 켜지면 도로 옆으로 차를 안전하게 정차하고 엔진 오일 양을 점검한 후 부족하면 보충하십시오. 보충 후에도 경고등이 꺼지지 않으면 당사 직영 하이테크센터나 블루핸즈에서 점검을 받으십시오.
LPG 차량에서 LPG 과충전 경고등이 빨간색으로 켜지면 어떻게 해야 하나요?,LPG 차량에서 LPG 과충전 경고등이 빨간색으로 켜지면 당사 직영 하이테크센터나 블루핸즈에서 점검을 받으십시오.
저압 타이어 경고등/TPMS 경고등이 시동을 'ON' 해도 켜지지 않거나 약 1분간 깜빡인 후 켜지면 무엇을 의미하나요?,저압 타이어 경고등/TPMS 경고등이 시동을 'ON' 해도 켜지지 않거나 약 1분간 깜빡인 후 켜지면 타이어 공기압 감지 시스템에 이상이 있는 것을 의미합니다. 이 경우 당사 직영 하이테크센터나 블루핸즈에서 점검을 받으십시오.
타이어의 공기압이 현저하게 낮을 경우 어떤 위험이 발생할 수 있나요?,타이어의 공기압이 현저하게 낮으면 차량의 주행이 불안정해지며 제동 거리가 늘어나 매우 위험합니다.
연료 필터 수분 경고등이 켜진 상태에서 차량 성능에 어떤 영향을 미칠 수 있나요?,연료 필터 수분 경고등이 켜진 상태에서는 속도 및 엔진 회전수 제한과 같은 차량 성능 저하가 있을 수 있습니다.
미등 표시등이 켜지는 조건은 무엇인가요?,"미등 표시등은 조명 스위치를 미등 위치에 두었을 때 켜지며, 조명 스위치가 AUTO 위치에 있으면 센서가 감지하는 외부 조건에 따라 켜지거나 꺼집니다."
기어가 'P'(주차) 상태가 아닌 경우 시동 버튼을 눌렀을 때 어떤 경고문이 표시되나요?,'기어가 ‘P’(주차) 아닌 상태에서 시동 버튼을 누르면 이 경고문이 몇 초간 표시됩니다. ‘P’(주차) 상태에서 시동 버튼을 누르십시오.'라는 경고문이 표시됩니다.
선루프가 열린 상태에서 시동을 끄면 어떤 경고문이 표시되나요?,선루프가 열린 상태에서 시동을 끄면 선루프 위치가 이미지로 표시되며 경고문이 함께 나타납니다.
트립 컴퓨터 모드에서 표시되는 정보는 무엇인가요?,"트립 컴퓨터 모드에서는 주행가능거리, 평균연비, 순간연비 등 차량 주행정보를 표시합니다."
차로 이탈방지 보조 기능의 세 가지 설정 옵션은 무엇인가요?,"차로 이탈방지 보조 기능의 세 가지 설정 옵션은 이탈방지 보조, 이탈 경고, 끄기입니다."
파워 테일게이트 열림 높이를 설정할 수 있는 단계는 무엇인가요?,"파워 테일게이트 열림 높이를 설정할 수 있는 단계는 완전 열림, 3단계, 2단계, 1단계, 사용자 높이 설정입니다."
트립 컴퓨터의 주행 정보 모드에서 표시되는 정보는 무엇인가요?,"트립 컴퓨터의 주행 정보 모드에서는 거리, 속도, 시간 등의 주행 관련 정보가 표시됩니다."
차속 감응 자동 도어 잠금 장치의 기능은 무엇인가요?,차속 감응 자동 도어 잠금 장치는 차량의 속도에 따라 자동으로 도어를 잠그는 기능입니다.
디젤 엔진 차량의 연료 주입구를 닫는 방법은 무엇인가요?,디젤 엔진 차량의 연료 주입구를 닫는 방법은 5-71 페이지에 설명되어 있습니다.
도어 잠금 해제 후 30초 이내에 도어를 열지 않으면 어떻게 되나요?,도어 잠금 해제 후 30초 이내에 도어를 열지 않으면 다시 잠깁니다.
리모컨 키를 사용할 때 주의해야 할 사항은 무엇인가요?,"리모컨 키는 완전 방수가 되지 않기 때문에 내부에 습기(음료수, 수분 등)가 유입되거나, 가열 등 부적절한 취급 시 내부 회로 손상으로 오작동의 원인이 되며, 이 경우에는 보증수리를 받을 수 없습니다."
차량 내 설정 메뉴에서 실외 미러 자동 펴짐 기능을 선택하면 어떤 일이 발생하나요?,차량 내 설정 메뉴에서 실외 미러 자동 펴짐 기능을 선택하면 실외 미러도 동시에 펴집니다.
리모컨 키의 건전지를 교체할 때 주의해야 할 점은 무엇인가요?,"리모컨 키의 건전지를 교체할 때는 정전기 등에 약한 내부 회로를 보호하기 위해 자신이 없다면 당사 직영 하이테크센터나 블루핸즈에 점검 및 교체를 의뢰해야 하며, 규격품(CR2032 X 1개)을 사용하고 극성에 주의하여 조립해야 합니다."
스마트 키를 사용하여 도어를 잠그는 방법은 무엇인가요?,스마트 키를 휴대하고 앞좌석 도어의 바깥손잡이에 도어 잠금 센서부(음각 부분)를 약 1초 동안 터치하면 도어가 잠금 상태가 됩니다.
세이프티 언락 기능을 설정하거나 해제하는 방법은 무엇인가요?,세이프티 언락 기능을 설정하거나 해제하려면 계기판 내 사용자 설정 모드에서 도어 → 2회 눌러 전체 잠금 해제 기능을 설정 또는 해제할 수 있습니다.
스마트 키를 사용할 때 주의해야 할 사항은 무엇인가요?,"스마트 키를 사용할 때 주의해야 할 사항은 모든 도어가 닫힌 상태에서만 도어 잠금/잠금 해제를 할 수 있으며, 차량 근처에 스마트 키를 두면 차량 배터리가 방전될 수 있으므로 항상 휴대해야 합니다."
스마트 키의 건전지를 교체하는 방법을 설명하세요.,"스마트 키의 건전지를 교체하는 방법은 먼저 부드러운 천을 홈에 대고 드라이버를 사용하여 스마트 키 커버를 분리한 후, 오래된 건전지를 제거하고 +/-극을 확인하여 새 건전지를 바르게 삽입한 다음, 조립은 분해의 역순으로 하는 것입니다."
현대 디지털 키를 사용하여 차량 도어를 잠그거나 잠금 해제하는 방법은 무엇인가요?,현대 디지털 키를 사용하여 차량 도어를 잠그거나 잠금 해제하려면 등록된 스마트폰의 뒷면에 있는 NFC 안테나를 운전석 또는 동승석 도어 핸들 인증 패드 중앙에 2초 이상 접촉하면 됩니다.
스마트폰을 이용하여 차량의 시동을 거는 방법을 설명하세요.,스마트폰의 NFC 안테나를 실내 인증 패드(무선 충전 패드) 중앙에 올린 후 브레이크 페달을 밟고 시동 버튼을 눌러 시동을 걸 수 있습니다.
디지털 키 근접 제어 사용 시 운전자가 차량에서 떠나기 전에 확인해야 할 사항은 무엇인가요?,"디지털 키 근접 제어 사용 시, 운전자는 필히 차량의 도어 잠김 상태(1회 비상 경고등이 깜빡이고 알림음이 울림)를 확인하고 차량에서 떠나야 합니다."
내비게이션 적용 사양의 차량에서 카드 키를 등록하는 방법은 무엇인가요?,내비게이션 적용 사양의 차량에서 카드 키를 등록하는 방법은 인포테인먼트 전체 메뉴 화면에서 설정 → 차량 → 디지털 키 → NFC카드 키 하위 메뉴로 이동하여 ‘등록’을 누르는 것입니다.
스마트폰 키를 차량에서 삭제하는 절차는 무엇인가요?,스마트폰 키를 차량에서 삭제하는 절차는 차량 내 설정 메뉴에서 인포테인먼트 전체 메뉴 화면에서 설정 → 차량 → 디지털 키 → 스마트폰 키 하위 메뉴로 이동하여 '삭제'를 누르는 것입니다. 내비게이션 미적용 사양의 경우 계기판 메뉴 → 디지털 키 → 스마트폰 키 하위 메뉴로 이동하여 '삭제'를 누릅니다.
디지털 키 차량 개인화 기능에서 시트/미러/스티어링 휠 관련 개인화 설정 항목은 무엇인가요?,"디지털 키 차량 개인화 기능에서 시트/미러/스티어링 휠 관련 개인화 설정 항목은 시트 위치, 실외 미러 위치, 스티어링 휠 위치, 승·하차 편의 기능입니다."
App의 현대 디지털 키 계정 로그인 정보가 만료된 경우 어떻게 해야 하나요?,App의 현대 디지털 키 계정 로그인 정보가 만료된 경우 재 로그인이 필요합니다.
연료 주입구가 열린 상태에서 좌측 슬라이딩 도어가 열리지 않는 이유는 무엇인가요?,연료 주입구가 열린 상태에서 좌측 슬라이딩 도어가 열리지 않는 이유는 주유 중 도어와 연료 주입구의 손상을 줄이기 위해서입니다.
차량이 약 15 km/h 이상으로 주행할 때 자동으로 모든 도어가 잠기는 기능을 무엇이라고 하나요?,차량이 약 15 km/h 이상으로 주행할 때 자동으로 모든 도어가 잠기는 기능을 '차속 감응 자동 도어 잠금 장치'라고 합니다.
파워 슬라이딩 도어가 열리지 않는 조건은 무엇인가요?,파워 슬라이딩 도어가 열리지 않는 조건은 시동 버튼이 'ON'인 상태에서 차량이 약 5 km/h 이상의 속도로 이동하거나 변속 위치가 'P'(주차) 위치에 있지 않을 때입니다.
스마트 파워 슬라이딩 도어가 자동으로 열리기 위해 필요한 조건은 무엇인가요?,"스마트 파워 슬라이딩 도어가 자동으로 열리기 위해서는 모든 도어가 닫혀 있고 잠긴 상태에서 스마트 키를 휴대하고 파워 슬라이딩 도어에 접근해야 하며, 비상 경고등 및 경고음이 작동한 후 약 3초 동안 감지 경보가 작동하고, 열림 준비가 끝나면 도어가 서서히 열립니다."
스마트 파워 슬라이딩 도어가 작동하지 않을 수 있는 상황은 무엇인가요?,"스마트 파워 슬라이딩 도어가 작동하지 않을 수 있는 상황은 경찰서, 관공서, 방송국, 군부대, 송신탑, 공항, 항구 근처에 있을 때, 무전기나 휴대전화와 같은 이동 송수신 시스템과 함께 스마트 키를 지녔을 때, 근처의 다른 차에서 리모컨 키 또는 스마트 키를 작동하고 있을 때, 타이어 교환 또는 차량 점검 시 잭을 사용하여 차량의 한쪽 바퀴를 들어 올렸을 때, 경사진 길이나 블록 등에서 차량을 기울어지게 주차시켰을 때입니다."
원격 시동 상태에서 실내 움직임 감지가 중지되는 이유는 무엇인가요?,원격 시동 상태에서는 실내 움직임 감지가 중지되기 때문입니다.
경보 상태에서 비상 키로 도어를 잠금 해제하고 열었을 때 발생하는 현상은 무엇인가요?,경보 상태에서 비상 키로 도어를 잠금 해제하고 열면 비상 경고등이 깜빡이고 경고음이 울립니다.
스티어링 휠 위치를 조절할 때 주의해야 할 점은 무엇인가요?,"스티어링 휠 위치를 조절할 때 주의해야 할 점은 운전 중에 절대로 조절하지 말아야 하며, 조절 레버를 조작할 때 가끔씩 걸림 현상이 발생할 수 있으나 이는 고장이 아니므로 스티어링 휠의 위치를 재조정한 후 고정해야 합니다."
주행 중에 미러를 조절하거나 접지 말아야 하는 이유는 무엇인가요?,주행 중에 미러를 조절하거나 접지 말아야 하는 이유는 운전에 영향을 미쳐 사고의 원인이 되기 때문입니다.
하이패스 시스템을 사용할 때 카드 삽입 시 주의해야 할 점은 무엇인가요?,"하이패스 카드를 삽입할 때는 카드 삽입구와 가능한 한 평행하게 하여 장착해야 합니다. 카드를 비스듬하게 삽입할 경우에는 카드 소켓이 파손될 수 있으며, 카드 인식 오류로 하이패스 차로를 통과할 때 작동이 안 될 수 있습니다."
하이패스 시스템 등록 정보를 확인하려면 어떤 버튼을 어떻게 눌러야 하나요?,하이패스 시스템 등록 정보를 확인하려면 잔액 확인 버튼과 전원/볼륨 버튼을 동시에 길게 눌러야 합니다.
원터치 자동 유리창이 정상적으로 작동하지 않을 때 초기화하는 방법은 무엇인가요?,"원터치 자동 유리창이 정상적으로 작동하지 않을 때에는 유리창 열림/닫힘 스위치를 한번만 강하게 두번째 걸리는 위치까지 당기거나 누른 후, 스위치에서 손을 떼어 유리창이 완전히 닫히거나 열리게 한 다음, 원하는 높이에서 멈추게 하려면 스위치를 살짝 당기거나 눌러 초기화합니다."
파워 선블라인드가 자동으로 열리고 닫히는 방법을 설명하세요.,"뒷좌석 파워 선블라인드 열림 스위치(B)를 누르면 파워 선블라인드가 자동으로 열리고, 닫힘 스위치(B)를 누르면 파워 선블라인드가 자동으로 닫힙니다."
엔진 후드를 여는 방법을 설명하세요.,"엔진 후드를 여는 방법은 먼저 엔진 후드 열림 레버를 당겨서 후드를 약간 열리게 한 후, 차량 앞에서 후드를 약간 들어 올리고 중앙 안쪽의 2차 열림 레버를 왼쪽으로 밀면서 후드를 위로 들어 올리는 것입니다."
A타입 테일게이트를 열거나 닫을 때 주의해야 할 점은 무엇인가요?,"A타입 테일게이트를 열거나 닫을 때는 차 내부 또는 외부 주위의 안전을 확인한 후에 테일게이트를 열거나 닫아야 하며, 얼굴, 머리 등이 부딪히거나 손, 발 등이 끼이지 않도록 항상 주의해야 합니다."
파워 테일게이트가 작동하는 도중에 물체의 끼임이 감지되면 어떻게 되나요?,파워 테일게이트가 작동하는 도중에 물체의 끼임이 감지되면 자동으로 작동을 멈추거나 완전히 열립니다.
비상시 테일게이트 잠금 해제 방법을 설명하세요.,"비상시 테일게이트 잠금 해제 방법은 열쇠와 같이 길고 납작한 물체를 테일게이트 내부 하단에 있는 열림 장치에 넣고 걸쇠가 움직이도록 화살표 방향으로 밀어 잠금을 해제한 후, 테일게이트를 밀어 여는 것입니다."
스마트 테일게이트 작동이 지연되거나 작동 거리가 변할 수 있는 상황은 무엇인가요?,"스마트 테일게이트 작동이 지연되거나 작동 거리가 변할 수 있는 상황은 경찰서, 관공서, 방송국, 군부대, 송신탑, 공항, 항구 근처 등에 있을 때입니다."
비상시에 테일게이트 잠금 해제 장치를 이용하여 테일게이트를 여는 방법은 무엇인가요?,"비상시에 테일게이트 잠금 해제 장치를 이용하여 테일게이트를 여는 방법은 열쇠와 같이 길고 납작한 물체를 이용하여 잠금 해제 레버를 화살표 방향으로 밀어 테일게이트를 잠금 해제한 후, 테일게이트를 밀어 여는 것입니다."
디젤 차량에 주유할 때 주의해야 할 점은 무엇인가요?,"디젤 차량에 주유할 때 주의해야 할 점은 반드시 정품 경유를 사용하고, 지정된 연료 외 다른 연료(등유, 알코올, 항공유 등)와 혼합하여 사용하지 않으며, 연료 주입구 캡을 열 때는 연료에 압력이 가해져 있을 수 있으므로 항상 조심스럽게 천천히 분리하는 것입니다."
주유소 부근에서 휴대 전화를 사용하면 안 되는 이유는 무엇인가요?,주유소 부근에서 휴대 전화를 사용하면 안 되는 이유는 휴대 전화의 전류나 전자파로 인해 기화된 연료에 불이 붙을 수도 있기 때문입니다.
주차 중 이벤트 알림 서비스가 작동하기 위한 조건은 무엇인가요?,"주차 중 이벤트 알림 서비스가 작동하기 위해서는 차량을 잠근 후 도난 경보 장치가 작동 중인 상태에서 주차 중 이벤트 영상이 저장되어야 하며, 주차 충격감지 민감도가 보통(3단계), 둔감(2단계), 매우 둔감(1단계)일 때만 작동합니다."
스마트폰에 '현대 빌트인 캠' 어플리케이션을 설치하려면 어떤 절차를 따라야 하나요?,"'현대 빌트인 캠' 어플리케이션을 설치하려면 사용하는 스마트폰에 따라 Google Play나 App Store에서 어플리케이션을 설치해야 합니다. 설치 후, 빌트인 캠 어플리케이션 설정 → 도움말을 참고하여 사용법을 숙지하십시오."
USB 메모리에 영상을 다운로드하는 중에 주의해야 할 점은 무엇인가요?,USB 메모리에 영상을 다운로드하는 중에 연결을 해제하면 USB 메모리의 파일이 손상될 수 있으므로 주의해야 합니다.
미등 위치에서 차량 시동을 끄고 운전석 도어를 열면 어떤 일이 발생하나요?,미등 위치에서 차량 시동을 끄고 운전석 도어를 열면 자동으로 미등이 꺼져 배터리가 방전되는 것을 방지할 수 있습니다.
"차량의 전자 제어 장치 안정화 기능에 의해 램프가 순간 깜빡인 후 다시 켜질 경우, 차량에 이상이 있는지 설명하시오.","차량의 전자 제어 장치 안정화 기능에 의해 램프가 순간 깜빡인 후 다시 켜질 경우, 차량에 이상이 있는 것이 아닙니다."
스마트 키의 도어 잠금 해제 버튼을 눌렀을 때 웰컴 라이트가 켜지는 시간은 A타입과 B타입에서 각각 얼마인가요?,"A타입에서는 약 15초 동안 미등/전조등이 켜지고, B타입에서는 약 3초 동안 미등/전조등 애니메이션 작동 후 12초 동안 켜집니다."
하이빔 보조 기능이 정상적으로 작동하지 않을 수 있는 조건은 무엇인가요?,"하이빔 보조 기능이 정상적으로 작동하지 않을 수 있는 조건은 마주 오는 차량 또는 앞 차량의 램프가 파손되었거나 감지 영역을 벗어나 있는 경우, 램프가 먼지, 눈 등으로 덮여 있거나 물이 묻었을 경우, 전조등을 임의로 수리 또는 교체한 경우, 전조등 에이밍이 올바르지 않을 경우, 좁은 커브길, 곡선로, 험로, 오르막길 또는 내리막길을 주행할 경우 등입니다."
맵 램프가 켜지면 룸 램프는 어떻게 작동하나요?,맵 램프가 켜지면 룸 램프도 동시에 켜집니다. 이 경우 룸 램프를 따로 끌 수 없으며 맵 램프가 꺼지면 같이 꺼집니다.
와이퍼 스위치가 AUTO 위치에 있을 때 와이퍼가 자동으로 작동할 수 있는 경우는 무엇인가요?,"와이퍼 스위치가 AUTO 위치에 있을 때 와이퍼가 자동으로 작동할 수 있는 경우는 동승석쪽 앞 상단 외부 유리창(센서 부분)에 손이 닿거나, 유리창을 젖은 수건 등으로 닦을 경우, 앞유리에 진동을 가한 경우, 센서에 진동을 가한 경우입니다."
앞좌석에서 뒷좌석의 공조 기능을 조작할 수 없게 하려면 어떻게 해야 하나요?,인포테인먼트 시스템의 설정 → 차량 → 공조 → 공조 편의 → 후석 공조 잠금을 설정하면 뒷좌석에서 공조 기능을 조작할 수 없습니다.
송풍구 열림/닫힘 레버를 닫힘 위치로 하면 어떤 변화가 생기나요?,송풍구 열림/닫힘 레버를 닫힘 위치로 하면 바람이 나오지 않습니다.
공조 장치용 에어필터를 교체해야 하는 주기는 얼마인가요?,"공조 장치용 에어필터는 매 15,000 km 주행할 때마다 교체해야 합니다."
뒷좌석에서 온도 조절이 앞좌석과 연동하여 작동하는 경우는 언제인가요?,뒷좌석 온도 조절은 사용 조건에 따라 앞좌석과 연동하여 작동합니다.
겨울철 난방 시 바람 방향 선택에 대한 권장 설정은 무엇인가요?,겨울철 난방 시 바람 방향 선택에 대한 권장 설정은 주로 발끝 쪽으로 바람이 나오게 하는 것입니다. 앞 유리창 습기 발생 예방 차원에서 얼굴 쪽과 발끝 쪽으로도 약간의 바람이 나옵니다.
외기 유입 버튼을 눌렀을 때의 효과는 무엇인가요?,외기 유입 버튼을 누르면 바깥 공기가 들어와 차 안을 환기시킬 수 있습니다.
에어컨 자동 건조 기능이 작동하지 않는 경우는 언제인가요?,에어컨 자동 건조 기능이 작동하지 않는 경우는 배터리 잔량이 충분하지 않거나 차량 시동이 걸려있을 때입니다.
이 차량에 적용된 신냉매의 종류와 그 장점은 무엇인가요?,"이 차량에 적용된 신냉매의 종류는 R-1234yf이며, 그 장점은 기존의 구냉매 R-134a와 대비하여 지구온난화 현상을 크게 줄일 수 있다는 것입니다."
실내측 유리 습기를 제거하기 위해 풍량 조절 노브와 온도 조절 노브를 어떻게 설정해야 하나요?,"실내측 유리 습기를 제거하기 위해 풍량 조절 노브를 돌려 강한 바람이 나오도록 설정하고, 온도 조절 노브를 돌려 최대 온도로 설정해야 합니다."
뒷 유리창 서리 제거 기능이 작동하는 조건은 무엇인가요?,"뒷 유리창 서리 제거 기능은 시동이 걸린 상태에서 뒷 유리창 서리 제거 버튼을 누르면 작동하며, 버튼 내 표시등이 켜집니다. 또한, 에어컨을 일정 시간 작동 후 시동을 끄면 배터리 잔량이 충분하거나 외기온이 일정 이상인 경우에도 작동합니다."
터널 구간을 통과할 때 공조 장치는 어떻게 작동하나요?,터널 구간을 통과할 때 차량의 터널 진입 약 7초 전에 실내 순환 모드로 전환합니다.
차가 움직이는 동안 컵 홀더에 액체가 담긴 컵을 두면 안 되는 이유는 무엇인가요?,차가 움직이는 동안 컵 홀더에 액체가 담긴 컵을 두면 뜨거운 액체가 갑자기 쏟아져 화상의 위험이 있을 뿐만 아니라 운전자가 당황하여 사고가 날 수 있기 때문입니다.
차량 내 USB 충전 단자를 사용할 때 주의해야 할 점은 무엇인가요?,"차량 내 USB 충전 단자는 충전 전용이며, 이 단자를 통해서는 인포테인먼트 시스템에서 미디어를 재생할 수 없습니다."
무선 충전 패드에 휴대 전화를 올려놓을 때 주의해야 할 점은 무엇인가요?,"무선 충전 패드에 휴대 전화를 올려놓을 때 주의해야 할 점은 휴대 전화를 패드 중앙에 두어야 하며, 가장자리에 두면 충전이 되지 않거나 열이 많이 발생할 수 있습니다. 또한, 휴대 전화의 액세서리 커버가 두꺼우면 정상적으로 충전되지 않을 수 있습니다."
인포테인먼트 시스템을 이용하여 시간을 설정할 때 주의해야 할 점은 무엇인가요?,"인포테인먼트 시스템을 이용하여 시간을 설정할 때는 운전 중에 조작하지 말아야 하며, 주의력이 떨어져 사고가 날 수 있기 때문입니다."
폴 안테나를 장착하는 방법은 무엇인가요?,"폴 안테나를 장착하는 방법은 먼저 '-' 드라이버를 사용하여 보호 캡을 빼고, 폴 안테나를 시계 방향으로 끝까지 돌려 장착하는 것입니다."
"외부 오디오/비디오 기기를 다용도소켓에 연결할 때 발생할 수 있는 문제는 무엇이며, 이를 해결하는 방법은 무엇인가요?","외부 오디오/비디오 기기를 다용도소켓에 연결할 때 소음이 발생할 수 있으며, 이 경우 외부 기기 자체 전원을 사용하여 문제를 해결할 수 있습니다."
주행 중 시동 스위치를 'LOCK' 또는 'ACC' 위치로 돌리면 어떤 위험이 발생할 수 있나요?,"주행 중 시동 스위치를 'LOCK' 또는 'ACC' 위치로 돌리면 브레이크의 성능이 저하될 수 있으며, 파워 스티어링 장치가 작동하지 않아 스티어링 휠 조작이 어려워져 사고가 발생할 수 있습니다."
자동 변속기 차량에서 엔진 시동을 걸기 전에 해야 할 네 가지 단계는 무엇인가요?,"자동 변속기 차량에서 엔진 시동을 걸기 전에 해야 할 네 가지 단계는 안전벨트를 착용하고, 주차 브레이크를 작동시키고, 모든 전기 장치를 끄고, 가속 페달과 브레이크 페달의 위치와 작동 유격을 오른발로 확인하는 것입니다."
고속 공회전 시 배기장치에 어떤 영향을 미칠 수 있나요?,10분 이상 고속 공회전 시 배기장치에 손상을 줄 수 있습니다.
엔진이 차가운 상태나 뜨거운 상태에서 시동을 걸 때 가속 페달을 밟아야 하나요?,엔진이 차가운 상태이거나 뜨거운 상태라도 가속 페달을 밟지 않은 상태에서 시동을 걸어야 합니다.
엔진 시동 전 확인해야 할 사항은 무엇인가요?,"엔진 시동 전 확인해야 할 사항은 스마트 키를 휴대하고 운전석에 앉아 안전벨트를 착용했는지, 주차 브레이크가 걸려있고 기어가 'P'(주차) 상태인지, 모든 전기 장치가 꺼져있는지, 가속 페달과 브레이크 페달의 위치와 작동 유격에 이상이 없는지 확인하는 것입니다."
디젤 엔진 차량에서 시동을 거는 절차는 무엇인가요?,"디젤 엔진 차량에서 시동을 거는 절차는 먼저 브레이크 페달을 밟은 상태에서 시동 버튼을 누르고, 예열 표시등이 꺼질 때까지 기다린 후, 브레이크 페달을 계속 밟고 있는 상태에서 엔진 회전이 적정 범위(1,000 RPM 이내)에 있는지 확인한 후에 변속 다이얼을 원하는 위치로 돌리는 것입니다."
자동 변속기 작동 시 변속 버튼을 누를 때 반드시 해야 할 것은 무엇인가요?,자동 변속기 작동 시 변속 버튼을 누를 때 반드시 브레이크 페달을 밟은 상태에서 조작해야 합니다.
외기 온도가 높은 여름철에 외부 주정차 시 주의해야 할 점은 무엇인가요?,외기 온도가 높은 여름철에 외부 주정차 시 실내 온도가 상승하여 변속 버튼 또는 실내 부품이 뜨거워질 수 있으므로 사용 시 주의해야 합니다.
차량을 주차할 때 'P'(주차)단으로 변속한 후 해야 할 추가 조치는 무엇인가요?,차량을 주차할 때 'P'(주차)단으로 변속한 후 주차 브레이크를 작동해야 합니다.
차량이 'N'(중립)단 유지 모드 상태에서 시동을 끈 후 3분 이내에 운전석 도어를 열면 어떤 일이 발생하나요?,차량이 'N'(중립)단 유지 모드 상태에서 시동을 끈 후 3분 이내에 운전석 도어를 열면 자동으로 'P'(주차)단으로 변속되고 전원이 완전히 꺼집니다.
자동세차기 이용 시 주의해야 할 점은 무엇인가요?,"자동세차기 이용 시 이용 가능 차종을 반드시 확인해야 하며, 무리해서 진입할 경우 차량 또는 자동세차기가 파손될 수 있습니다."
N단 유지 모드를 설정하려면 어떤 절차를 따라야 하나요?,"N단 유지 모드를 설정하려면 계기판 표시창에 'N단 유지 모드를 설정하려면 OK 버튼을 길게 누르십시오' 문구가 표시된 후, 스티어링 휠의 OK 버튼을 길게 눌러야 합니다."
"자동 변속기가 장착된 차량이 정차 중일 때, 차량이 움직이지 않도록 하기 위해 어떤 조치를 취해야 하나요?","자동 변속기가 장착된 차량이 정차 중일 때, 차량이 움직이지 않도록 하기 위해서는 반드시 브레이크 페달을 밟고 주차 브레이크를 체결해야 합니다."
미끄러지기 쉬운 도로에서 엔진 브레이크를 사용할 때 주의해야 할 점은 무엇인가요?,미끄러지기 쉬운 도로에서 급격하게 기어를 고단에서 저단으로 내려 엔진 브레이크를 걸지 마십시오. 타이어가 미끄러질 위험이 있습니다.
수동 변속 모드에서 고단으로 변속할 때 주의해야 할 점은 무엇인가요?,"수동 변속 모드에서 고단으로 변속할 경우, 도로 조건에 맞추어 엔진 회전수(RPM)가 회전계의 빨간색 범위에 들어가지 않도록 주의하여 변속해야 합니다."
변속 레버의 부츠를 분리할 때 주의해야 할 점은 무엇인가요?,변속 레버의 부츠를 분리할 때 커버가 손상되지 않도록 주의해야 합니다.
언덕길에서 정차할 때 주의해야 할 점은 무엇인가요?,언덕길에서 정차할 때는 가속 페달을 이용하여 차를 정지시키려 하지 말고 브레이크 페달을 밟아야 합니다.
변속 레버 잠금장치(Shift Lock) 기능이 작동하지 않을 때 어떻게 해야 하나요?,변속 레버 잠금장치(Shift Lock) 기능이 작동하지 않을 때는 즉시 가까운 당사 직영 하이테크센터나 블루핸즈에서 점검을 받아야 합니다.
수동 변속기 차량에서 클러치 페달을 사용할 때 주의해야 할 점은 무엇인가요?,"수동 변속기 차량에서 클러치 페달을 사용할 때 주의해야 할 점은 변속 레버를 조작할 때 반드시 클러치 페달을 완전히 밟은 후에 변속하고, 변속할 때를 제외하고는 주행 중에 클러치 페달 위에 발을 올려놓지 않으며, 불필요한 반 클러치 사용을 자제하는 것입니다."
주행 전 브레이크 페달 및 가속 페달의 위치를 확인해야 하는 이유는 무엇인가요?,주행 전 브레이크 페달 및 가속 페달의 위치를 확인해야 하는 이유는 브레이크 페달 대신 가속 페달을 밟으면 사고가 일어나 심각한 상처를 입거나 사망할 수 있기 때문입니다.
전자식 파킹 브레이크(EPB)를 자동으로 해제하기 위해 필요한 조건은 무엇인가요?,"전자식 파킹 브레이크(EPB)를 자동으로 해제하기 위해 필요한 조건은 시동이 걸린 상태, 운전석 안전벨트 착용 상태, 운전석 도어, 엔진 후드, 테일게이트가 닫힌 상태, 기어가 'R'(후진) 또는 'D'(주행) 상태입니다."
주행 중 브레이크 페달에 문제가 생겼을 때 비상 제동을 하는 방법은 무엇인가요?,"주행 중 브레이크 페달에 문제가 생길 경우 전자식 파킹 브레이크(EPB) 스위치를 당겨 비상 제동을 할 수 있습니다. 이 경우 스위치를 당기고 있는 동안만 제동되며, 스위치에서 손을 떼면 제동이 멈춥니다. 지속해서 당겨 차량이 정지되면 전자식 파킹 브레이크가 걸립니다."
자동 정차 기능이 작동하지 않는 상황은 어떤 경우인가요?,"자동 정차 기능은 기어가 'P'(주차)에 있을 경우, 기어가 'R'(후진)에 있을 경우, 전자식 파킹 브레이크(EPB)가 작동 중일 경우에는 작동하지 않습니다."
ABS가 장착된 차량을 운전할 때 급제동 시 주의해야 할 점은 무엇인가요?,"ABS가 장착된 차량을 운전할 때 급제동 시 주의해야 할 점은 차량이 완전히 멈출 때까지 브레이크 페달을 힘껏 밟고, 절대로 브레이크 페달에서 발을 떼거나 브레이크 페달을 반복해서 세게 밟지 않는 것입니다."
차체 자세 제어(ESC) 장치가 작동 중일 때 운전자가 느낄 수 있는 현상은 무엇인가요?,차체 자세 제어(ESC) 장치가 작동 중일 때는 구동력과 제동력의 영향으로 약간의 진동이 느껴질 수 있습니다.
샤시 통합 제어(VSM) 시스템이 작동하지 않는 경우는 언제인가요?,"샤시 통합 제어(VSM) 시스템이 작동하지 않는 경우는 후진 주행하는 경우, 차체 자세 제어(ESC) 장치 작동 정지 표시등이 켜진 경우, 전동 파워 스티어링 경고등이 켜진 경우입니다."
경사로 밀림 방지 기능(HAC)이 작동하지 않는 경우는 언제인가요?,경사로 밀림 방지 기능(HAC)이 작동하지 않는 경우는 기어가 'P'(주차) 또는 'N'(중립) 상태일 때와 차체 자세 제어(ESC) 장치에 이상이 있을 때입니다.
BAS 시스템이 작동하지 않을 수 있는 조건은 무엇인가요?,"BAS 시스템이 작동하지 않을 수 있는 조건은 운전자의 주행 습관, 차량 속도, 브레이크 페달을 밟는 정도, 그리고 노면의 상태에 따라 다릅니다."
비포장도로를 주행할 때 스티어링 휠을 어떻게 잡아야 하나요?,비포장도로를 주행할 때는 항상 스티어링 휠의 바깥쪽을 확실하게 잡아야 합니다. 스티어링 휠 안쪽을 잡을 경우 스티어링 휠이 갑자기 돌아가 손을 다칠 수 있습니다.
내리막길을 내려갈 때 엔진 브레이크를 사용하는 이유는 무엇인가요?,내리막길을 내려갈 때 엔진 브레이크를 사용하는 이유는 차량의 속도를 천천히 줄여 안전하게 내려가기 위해서입니다.
타이어에 체인을 장착할 때 주의해야 할 사항은 무엇인가요?,"타이어에 체인을 장착할 때는 반드시 앞 바퀴에 체인을 장착하고, 규정 제품(SAE 'S'급 또는 와이어 및 플라스틱 체인)을 사용해야 하며, 체인을 장착한 경우 차속 30 km/h 이하로 주행하고 주행거리를 최소화해야 합니다."
자동 변속기 차량에서 자동으로 엔진이 정지된 상태에서 기어를 'N'(중립)에서 'D'(주행)로 변속할 때 시동이 걸리지 않는 이유는 무엇인가요?,자동 변속기 차량에서 자동으로 엔진이 정지된 상태에서 기어를 'N'(중립)에서 'D'(주행)로 변속할 때 시동이 걸리지 않는 이유는 브레이크 페달을 밟지 않았기 때문입니다.
배터리 센서를 활성화하는 방법은 무엇인가요?,"배터리 센서를 활성화하는 방법은 먼저 시동을 끄고, 내비게이션, 블랙박스 등 추가 장착한 모든 전장품의 전원을 차량에서 연결해제한 후, 시동을 끄고 4시간 후 시동을 걸고 끄기를 3~4회 반복하는 것입니다."
SMART 모드에서 가속 페달을 부드럽게 조작할 경우 어떤 모드로 전환되나요?,"가속 페달을 부드럽게 조작할 경우, 마일드 주행으로 인식하여 일정 시간 경과 후에 자동적으로 SMART ECO 모드로 전환됩니다."
SMART 모드에서 운전자의 주행 성향에 따라 자동으로 전환되는 주행 모드는 무엇인가요?,"SMART 모드에서 운전자의 주행 성향에 따라 자동으로 전환되는 주행 모드는 ECO, NORMAL, SPORT 모드입니다."
SPORT 모드에서 연비가 저하될 수 있는 이유는 무엇인가요?,SPORT 모드에서는 가속 시 변속 업쉬프트 시점을 늦추기 때문에 연비가 저하될 수 있습니다.
험로를 주행할 때 차량 손상을 방지하기 위해 주의해야 할 점은 무엇인가요?,험로를 주행할 때는 돌이나 나무뿌리 등에 의해 차량이 손상될 수 있으니 주의해야 합니다.
겨울철 운전 시 항상 가지고 다녀야 할 비상 장비는 무엇인가요?,"겨울철 운전 시 항상 가지고 다녀야 할 비상 장비는 타이어체인, 창문 닦기, 유리창 성에 제거기, 모래나 소금 포대, 경고판, 야삽, 점프 케이블 등입니다."
내리막길에서 엔진 브레이크를 사용하는 이유는 무엇인가요?,내리막길에서 엔진 브레이크를 사용하면 방향 조작에 도움이 되기 때문입니다.
터보차저 엔진을 사용할 때 엔진 오일 교체 주기를 지키지 않으면 어떤 문제가 발생할 수 있나요?,터보차저 엔진을 사용할 때 엔진 오일 교체 주기를 지키지 않으면 터보차저의 축을 지지하는 베어링 부가 고착되거나 이상음이 발생할 수 있습니다.
전방 충돌방지 보조(FCA) 시스템의 기본 기능은 무엇인가요?,"전방 충돌방지 보조(FCA) 시스템의 기본 기능은 전방 차량, 보행자 및 자전거 탑승자를 인식하여 전방 충돌 위험이 판단되면 경고문 표시와 경고음 등으로 운전자에게 알려주고, 충돌하지 않도록 제동을 도와주는 것입니다."
전방 충돌방지 보조 시스템의 경고 시점을 변경하려면 어떤 메뉴를 통해 설정할 수 있나요?,전방 충돌방지 보조 시스템의 경고 시점을 변경하려면 시동 'ON' 상태에서 설정 메뉴의 운전자 보조 → 경고 시점을 선택하면 됩니다.
전방 충돌방지 보조 시스템이 작동하는 속도 범위는 전방 차량과 보행자 및 자전거 탑승자에 대해 각각 어떻게 다른가요?,"전방 차량에 대해서는 자차의 속도가 약 10~200 km/h인 경우 작동하며, 전방 보행자 및 자전거 탑승자에 대해서는 자차의 속도가 약 10~65 km/h인 경우 작동합니다."
경고 음량을 0 또는 끄기로 설정해도 경고음이 완전히 꺼지지 않는 이유는 무엇인가요?,경고 음량을 0 또는 끄기로 설정해도 경고음이 완전히 꺼지지 않는 이유는 경고음이 1 또는 작게로 설정했을 때의 음량으로 울리기 때문입니다.
전방 충돌방지 보조 기능이 작동하지 않을 수 있는 상황은 무엇인가요?,"전방 충돌방지 보조 기능이 작동하지 않을 수 있는 상황은 도로 조건 및 주위 환경에 따라 기능이 해제되거나 작동하지 않거나 불필요하게 작동할 수 있으며, 시동을 건 직후 인식 센서가 오염된 경우 또는 차량 주변에 물체가 존재하지 않는 경우입니다."
전방 충돌방지 보조가 제대로 작동하지 않을 수 있는 상황은 어떤 경우인가요?,"전방 충돌방지 보조가 제대로 작동하지 않을 수 있는 상황은 인식 센서 또는 주변부가 오염되거나 파손될 경우, 외부 환경에 의해 전방 카메라 주위 온도가 높거나 낮을 경우입니다."
커브 길에서 전방 충돌방지 보조의 성능이 저하될 수 있는 이유는 무엇인가요?,"커브 길에서는 전방에 있는 차량, 보행자 및 자전거 탑승자를 인식하지 못해 전방 충돌방지 보조의 성능이 저하되어 경고, 제동을 도와주지 않을 수 있습니다."
"차량이 정지한 상태에서 바로 앞에 있는 차량이 옆 차로로 빠져 나가는 경우, 같은 차로에 있는 앞 차량을 인지하지 못하여 발생할 수 있는 위험은 무엇인가요?","차량이 정지한 상태에서 바로 앞에 있는 차량이 옆 차로로 빠져 나가는 경우, 같은 차로에 있는 앞 차량을 인지하지 못하여 충돌 위험이 있을 수 있습니다."
차로 이탈방지 보조 기능을 켜고 끄는 방법은 무엇인가요?,차로 이탈방지 보조 기능을 켜려면 시동이 'ON' 상태에서 차로 주행 보조 버튼을 길게 누르면 됩니다. 기능을 끄려면 차로 이탈방지 보조가 켜진 상태에서 차로 주행 보조 버튼을 길게 누르면 됩니다.
차로 이탈방지 보조 시스템이 제대로 작동하지 않을 수 있는 상황은 어떤 경우인가요?,"차로 이탈방지 보조 시스템이 제대로 작동하지 않을 수 있는 상황은 차로가 오염되거나 불명확한 경우, 비, 눈, 먼지, 모래, 기름, 물웅덩이 등 이물질로 차로가 잘 보이지 않는 경우, 도로 조건 및 주위 환경에 따라 차선 인식이 잘 되지 않는 경우 등입니다."
후측방 충돌방지 보조 기능을 설정하는 방법은 무엇인가요?,후측방 충돌방지 보조 기능을 설정하려면 시동 'ON' 상태에서 설정 메뉴의 운전자 보조 → 후측방 안전에서 각 기능의 사용 여부를 선택할 수 있습니다.
후측방 충돌방지 보조 기능이 작동하는 조건은 무엇인가요?,후측방 충돌방지 보조 기능이 작동하는 조건은 자차 속도가 20 km/h 이상이고 후측방 차량 속도가 10 km/h 이상일 때입니다.
후측방 충돌방지 보조가 정상적으로 작동하지 않을 수 있는 상황은 어떤 경우인가요?,"후측방 충돌방지 보조가 정상적으로 작동하지 않을 수 있는 상황은 시동을 건 직후 인식 센서가 오염될 경우, 차량 주변에 물체가 존재하지 않을 경우, 상대 차량의 속도가 매우 빨라서 짧은 시간에 자차를 추월하여 지나갈 경우 등입니다."
안전 하차 경고(SEW)를 설정하려면 어떤 메뉴를 통해 접근해야 하나요?,시동 ‘ON’ 상태에서 설정 메뉴의 운전자 보조 → 후측방 안전 → 안전 하차 경고를 선택하면 안전 하차 경고가 켜집니다.
안전 하차 경고 기능이 일시적으로 작동하지 않을 수 있는 상황은 무엇인가요?,"후측방 레이더 또는 뒷범퍼 주변에 눈, 비 등의 이물질이 묻거나, 트레일러, 캐리어 및 기타 장비를 거치할 경우 인식 성능이 저하되어 안전 하차 경고가 일시적으로 제한되거나 작동되지 않을 수 있습니다."
안전 하차 보조의 경고 시점을 변경하려면 어떤 메뉴를 통해 설정할 수 있나요?,안전 하차 보조의 경고 시점을 변경하려면 시동 'ON' 상태에서 설정 메뉴의 운전자 보조 → 경고 시점을 선택하면 됩니다.
"후측방 레이더 또는 뒷범퍼 주변에 눈, 비 등의 이물질이 묻었을 때 안전 하차 보조 기능에 어떤 영향을 미칠 수 있나요?","후측방 레이더 또는 뒷범퍼 주변에 눈, 비 등의 이물질이 묻으면 인식 성능이 저하되어 안전 하차 보조가 일시적으로 제한되거나 작동되지 않을 수 있습니다."
수동 속도 제한 보조 기능을 해제하려면 어떤 절차를 따라야 하나요?,수동 속도 제한 보조 기능을 해제하려면 속도 제한 표시등이 꺼지면서 기능이 해제되도록 버튼을 눌러야 합니다.
지능형 속도 제한 보조 기능이 작동하지 않을 수 있는 상황은 무엇인가요?,"지능형 속도 제한 보조 기능이 작동하지 않을 수 있는 상황은 전방 카메라의 렌즈 앞 유리창에 눈, 비 등 이물질이 묻었을 때입니다. 이 경우 이물질을 제거하면 다시 정상적으로 작동합니다."
차량의 진행 방향에서 역광이 강하게 비추는 경우 표지판 인식이 어려운 이유는 무엇인가요?,차량의 진행 방향에서 역광이 강하게 비추는 경우 표지판이 잘 보이지 않기 때문에 표지판 인식이 어려울 수 있습니다.
운전자 주의 경고 시스템이 '작동 대기 중' 상태로 표시되는 경우는 언제인가요?,운전자 주의 경고 시스템이 '작동 대기 중' 상태로 표시되는 경우는 자차의 속도가 작동 범위를 벗어날 때입니다.
전방 차량 출발 알림이 정상적으로 작동하지 않을 수 있는 상황은 어떤 경우인가요?,"전방 차량 출발 알림이 정상적으로 작동하지 않을 수 있는 상황은 전방에 차량이 끼어들 경우, 전방 차량이 좌/우회전 및 U턴 등 급격한 조향을 할 경우, 자차와 전방 차량 사이로 보행자나 자전거 탑승자가 있을 경우, 전방에 주차 중인 차량이 자차에서 멀어지는 방향으로 주행할 경우, 전방 차로의 분기/합류로 전방 차량을 특정하기 어려울 경우입니다."
크루즈 컨트롤 기능을 일시적으로 해제할 수 있는 방법은 무엇인가요?,크루즈 컨트롤 기능을 일시적으로 해제할 수 있는 방법은 브레이크 페달을 밟거나 계기판의 설정속도가 사라지면서 해제하는 것입니다.
스마트 크루즈 컨트롤을 설정할 때 전방 차량이 있을 경우 어떻게 작동하나요?,스마트 크루즈 컨트롤을 설정할 때 전방에 차량이 있다면 설정된 차간거리를 유지하기 위해 속도를 조절합니다. 전방 차량이 가속하여 차간거리가 멀어지면 설정된 속도까지 가속한 후 설정된 차간거리가 유지되면 정속 주행합니다.
스마트 크루즈 컨트롤을 작동시키기 위해 필요한 기본 조건은 무엇인가요?,"스마트 크루즈 컨트롤을 작동시키기 위해 필요한 기본 조건은 기어가 'D'단에 위치하고, 운전석 도어가 닫혀 있으며, 전자식 파킹 브레이크(EPB)가 체결되지 않은 상태여야 합니다."
스마트 크루즈 컨트롤이 자동 일시 해제되는 경우 운전자에게 어떤 알림이 제공되나요?,"스마트 크루즈 컨트롤이 자동 일시 해제되면 계기판에 경고문이 표시되고, 경고음을 울려 자동 일시 해제를 운전자에게 알립니다."
스마트 크루즈 컨트롤이 작동하지 않을 수 있는 상황은 어떤 경우인가요?,"스마트 크루즈 컨트롤이 작동하지 않을 수 있는 상황은 전방 레이더 커버 또는 센서에 눈, 비 등 이물질이 묻었을 때, 전방 차량의 후면부가 작거나 정상적으로 보이지 않을 경우, 전방 차량의 지상고가 낮거나 높을 경우, 터널 및 철교 주변을 지날 경우, 비, 눈, 얼음 등으로 미끄러워진 도로를 주행할 경우 등입니다."
오르막길이나 내리막길에서 스마트 크루즈 컨트롤을 사용할 때 주의해야 할 점은 무엇인가요?,"오르막길이나 내리막길에서는 전방에 있는 차량을 인식하지 못해 설정속도까지 빠르게 가속될 수 있으며, 선행 차량을 갑자기 인식하여 속도가 빠르게 감속될 수 있습니다. 따라서 적당한 설정속도를 선택하고 전방 도로 상황 및 주행 상태를 확인하여 필요할 경우 직접 속도를 조절해야 합니다."
내비게이션 기반 스마트 크루즈 컨트롤이 작동 대기 상태가 되기 위한 조건은 무엇인가요?,내비게이션 기반 스마트 크루즈 컨트롤이 작동 대기 상태가 되기 위한 조건은 스마트 크루즈 컨트롤이 작동 중일 경우와 전용도로를 주행 중일 경우입니다.
설정속도 자동변경 기능이 작동하지 않을 수 있는 경우는 언제인가요?,설정속도 자동변경 기능이 작동하지 않을 수 있는 경우는 신규 도로의 제한속도가 내비게이션에 반영되지 않은 경우와 차량의 속도 단위를 해당 국가 도로의 속도 단위가 아닌 단위로 설정한 경우입니다.
내비게이션 기반 스마트 크루즈 컨트롤을 사용할 때 운전자가 주의해야 할 점은 무엇인가요?,"내비게이션 기반 스마트 크루즈 컨트롤을 사용할 때 운전자가 주의해야 할 점은 전방을 주시하며 안전하게 운전하고, 도로 교통법을 준수해야 하며, 표지판 등을 통해 실제 주행 도로 또는 주행 차로 상의 제한속도를 확인하고 이를 준수할 책임이 있다는 것입니다."
고속도로 안전구간 자동감속 기능이 작동하지 않는 경우는 언제인가요?,고속도로 안전구간 자동감속 기능이 작동하지 않는 경우는 전용도로 진출입로(IC)나 분기점(JC)으로 진입하여 경로 이탈로 판단될 때입니다.
"LFA가 무엇을 의미하며, 어떤 기능을 수행하나요?","LFA는 Lane Following Assist의 약자로, 전방 차선 및 차량을 인식하여 차로 중앙을 유지하며 주행하도록 도와주는 기능입니다."
운전자가 스티어링 휠을 일정 시간 동안 잡지 않을 경우 어떤 경고가 발생하나요?,"운전자가 스티어링 휠을 일정 시간 동안 잡지 않을 경우 단계적으로 핸즈오프 경고문이 표시되고 경고음이 울립니다. 1단계에서는 경고문이 표시되고, 2단계에서는 빨간색 스티어링 휠 경고문과 경고음이 발생합니다."
고속도로 주행 보조가 정차 후 재출발하는 조건은 무엇인가요?,"고속도로 주행 보조가 정차 후 재출발하는 조건은 정차 후 약 30초 이내에 전방 차량이 출발하면 자동으로 출발하며, 30초가 지나면 계기판에 '전방 차량 출발 시 스위치 또는 페달을 조작하십시오' 문구가 표시되고, 가속 페달을 밟거나 + 또는 - 스위치를 조작해야 합니다."
후방 모니터(RVM)의 작동 조건은 무엇인가요?,후방 모니터는 'R'(후진)단으로 변속할 경우 또는 'P'(주차)단에서 주차/뷰 버튼을 누를 경우 작동합니다.
후방 탑 뷰를 켜는 방법은 무엇인가요?,후방 탑 뷰를 켜려면 후방 탑 뷰 버튼을 누르면 됩니다.
서라운드 뷰 모니터의 후방 뷰 주차 가이드라인은 어떤 거리를 나타내나요?,"후방 뷰 주차 가이드의 가로 가이드라인은 차량으로부터 0.5 m, 1 m, 2.3 m 거리를 나타냅니다."
서라운드 뷰 모니터가 정상적으로 작동하지 않을 때 어떻게 해야 하나요?,서라운드 뷰 모니터가 정상적으로 작동하지 않으면 당사 직영 하이테크센터나 블루핸즈에서 점검을 받아야 합니다.
후방 교차 충돌방지 보조 기능이 작동하기 위한 조건은 무엇인가요?,"후방 교차 충돌방지 보조 기능이 작동하기 위한 조건은 자차의 기어가 'R'(후진)단일 경우, 자차의 속도가 8 km/h 이하일 경우, 좌우측에서 다가오는 차량의 위치가 측면 방향으로 약 25 m 이내일 경우, 그리고 좌우측에서 다가오는 차량의 속도가 5 km/h 이상일 경우입니다."
후방 교차 충돌방지 보조가 작동하지 않을 수 있는 상황은 무엇인가요?,"후방 교차 충돌방지 보조가 작동하지 않을 수 있는 상황은 차체 자세 제어(ESC) 장치 경고등이 켜진 경우, 차체 자세 제어(ESC) 장치가 다른 기능을 수행할 경우, 후측방 레이더 주변 뒷범퍼 또는 센서에 눈, 비 등의 이물질이 묻거나 트레일러, 캐리어 및 기타 장비를 거치한 경우입니다."
후방 교차 충돌방지 보조를 사용할 때 주의해야 할 상황은 무엇인가요?,"후방 교차 충돌방지 보조를 사용할 때 주의해야 할 상황은 나무나 풀이 무성한 곳, 젖은 도로, 빠르게 또는 느리게 접근하는 차량, 도로의 요철이나 파트 홀, 눈길, 고인 물, 결빙 노면, 타이어 공기압이 낮거나 타이어가 파손된 경우, 브레이크를 튜닝한 경우입니다."
후방 주차 거리 경고가 작동하지 않을 때 점검해야 할 사항은 무엇인가요?,후방 주차 거리 경고가 작동하지 않을 때 점검해야 할 사항은 초음파 센서가 손상되었는지 또는 가림이 있는지 확인하는 것입니다.
전방 주차 거리 경고가 작동하지 않는 조건은 무엇인가요?,전방 주차 거리 경고는 차량의 전진 속도가 10 km/h를 초과하면 작동하지 않습니다.
초음파센서가 오작동할 수 있는 상황을 세 가지 이상 설명하세요.,"초음파센서가 오작동할 수 있는 상황은 폭우가 내리거나 물보라가 치는 경우, 초음파센서가 눈에 덮인 경우, 다른 차량의 주차 거리 경고의 영향을 받을 경우, 초음파센서 표면 위로 물이 흐를 경우, 요철길, 자갈길, 언덕길, 풀숲에서 작동하는 경우 등이 있습니다."
주행 중 타이어에 펑크가 난 경우 어떻게 대처해야 하나요?,"주행 중 타이어에 펑크가 나면 비상 경고등을 켠 후 스티어링 휠을 꼭 잡고 도로 가장자리로 차량을 안전하게 이동시키고, 엔진 브레이크를 이용해 속도를 낮춘 후 가볍게 브레이크 페달을 밟아 정지해야 합니다."
주행 중 시동이 꺼졌을 때 적절한 조치는 무엇인가요?,"주행 중 시동이 꺼졌을 때 적절한 조치는 차량을 안전한 곳으로 이동시키고, 브레이크 작동 상태가 나빠지므로 평상시보다 브레이크 페달을 세게 밟는 것입니다."
점프 스타트 시 점프 케이블을 연결하는 순서는 무엇인가요?,"점프 스타트 시 점프 케이블을 연결하는 순서는 먼저 + 집게 한쪽을 방전된 차량의 충전 단자에 연결하고, + 집게 다른 한쪽을 다른 차량이나 보조 배터리의 + 단자에 연결합니다. 그 다음 - 집게 한쪽을 다른 차량이나 보조 배터리의 - 단자에 연결하고, - 집게 다른 한쪽을 방전된 차량의 - 충전 단자에 연결합니다."
엔진이 과열되었을 때 냉각수를 보충하는 방법은 무엇인가요?,엔진이 과열되었을 때 냉각수를 보충하는 방법은 급하게 차가운 냉각수를 넣지 말고 천천히 조금씩 보충하는 것입니다. 급하게 냉각수를 넣으면 엔진에 균열이 생길 수 있습니다.
타이어 공기압 경보 시스템(TPMS)이 작동할 때 계기판에 나타나는 경고등은 무엇인가요?,타이어 공기압 경보 시스템(TPMS)이 작동할 때 계기판에 나타나는 경고등은 저압 타이어 경고등( )입니다.
엔진 후드를 열 때 주의해야 할 점은 무엇인가요?,"엔진 후드를 열 때 주의해야 할 점은 뜨거운 수증기나 물이 뿜어져 나오거나 엔진 후드가 뜨거울 수 있으므로 주의하는 것입니다. 또한, 엔진 작동 중 손이나 옷이 냉각팬이나 구동 벨트에 닿지 않도록 주의해야 합니다."
타이어 공기압 경보 시스템(TPMS) 경고등이 켜질 수 있는 상황은 어떤 경우인가요?,"타이어 공기압 경보 시스템(TPMS) 경고등이 켜질 수 있는 상황은 경찰서, 관공서, 방송국, 군부대, 송신탑 근처를 주행할 때, 스노우체인이 차량에 장착된 경우, 별도로 구매한 전장품을 차량에 장착해 사용하는 경우, 타이어 공기압 감지 센서에 이상이 있을 때, 실런트(봉합제)를 사용하여 펑크난 타이어를 수리한 경우, 예비 타이어로 교체한 경우입니다."
타이어 응급 처치 키트를 사용할 때 실런트(봉합제) 용기를 어떻게 준비해야 하나요?,타이어 응급 처치 키트를 사용할 때 실런트(봉합제) 용기를 흔들어 준비해야 합니다.
타이어 응급 처치 키트를 사용할 때 타이어 공기압을 높이는 방법은 무엇인가요?,"타이어 공기압을 높이려면, 컴프레서 전원 스위치의 ‘I’쪽을 눌러 전원을 켜고 공기압을 규정 공기압으로 조절하십시오."
상차 견인 시 타이어를 어떻게 고정해야 하나요?,상차 견인 시 소프트 벨트로 타이어를 감싸서 차량을 견인 차량에 확실하게 고정해야 합니다.
견인할 때 피견인 차량의 운전자가 반드시 탑승해야 하는 이유는 무엇인가요?,견인할 때 피견인 차량의 운전자가 반드시 탑승해야 하는 이유는 조향 및 브레이크 조작을 위해서입니다.
소화기를 사용할 때 첫 번째 단계는 무엇인가요?,소화기를 사용할 때 첫 번째 단계는 소화기의 안전핀을 뽑는 것입니다.
폭설 시 차량을 방치하거나 갓길에 주차하지 말아야 하는 이유는 무엇인가요?,폭설 시 차량을 방치하거나 갓길에 주차하지 말아야 하는 이유는 제설 작업에 지장을 줄 수 있기 때문입니다.
엔진 오일양을 점검하고 보충할 때 주의해야 할 사항은 무엇인가요?,"엔진 오일양을 점검하고 보충할 때 주의해야 할 사항은 차량을 평평한 곳에 주차하고, 엔진을 끈 후, 오일 팬 아래에 용기를 놓고, 드레인 플러그를 제거하여 오일을 배출하고, 오일 필터를 교체한 후, 새로운 오일을 채우는 것입니다."
수동변속기 오일을 점검하거나 보충할 때 어떤 페이지를 참조해야 하나요?,수동변속기 오일을 점검하거나 보충할 때는 9-20 페이지를 참조해야 합니다.
엔진부 점검 시 엔진이 정지되고 다 식었을 때 실시해야 하는 이유는 무엇인가요?,엔진부 점검은 반드시 엔진이 정지되고 다 식었을 때 실시해야 합니다. 그렇지 않으면 화상을 입을 수 있기 때문입니다.
엔진룸을 시동이 걸린 상태에서 점검할 때 주의해야 할 사항은 무엇인가요?,"엔진룸을 시동이 걸린 상태에서 점검할 때는 옷자락, 시계, 반지 등을 몸에서 빼고, 구동 벨트, 냉각팬에 손, 옷자락, 머리카락, 공구 등이 닿지 않도록 주의해야 합니다."
추천 오일을 사용하지 않을 경우 어떻게 해야 하나요?,추천 오일을 사용하지 않을 경우 가혹 조건 주기로 교체해야 합니다.
검 점 다 마 월 개 2 1 는 또 m k 0 0 0 0 2 매 후 이 의 의미는 무엇인가요?,검 점 다 마 월 개 2 1 는 또 m k 0 0 0 0 2 매 후 이는 21개월 후에 m k 00002 매를 점검해야 한다는 의미입니다.
엔진 오일을 보충하거나 교체할 때 주의해야 할 점은 무엇인가요?,"엔진 오일을 보충하거나 교체할 때 주의해야 할 점은 차체나 엔진룸에 오일을 흘리지 않도록 하고, 묻을 경우 즉시 닦아야 하며, 엔진 오일이 피부에 묻으면 비누를 사용해 깨끗이 씻어야 합니다."
가혹 조건에서 엔진 오일 및 오일필터 교체 주기는 어떻게 되나요?,"가혹 조건에서 엔진 오일 및 오일필터 교체 주기는 Smartstream L3.5 엔진의 경우 매 7,500 km 또는 6개월마다, 디젤 2.2 엔진의 경우 매 10,000 km 또는 6개월마다 교체해야 합니다."
로워암 볼 조인트 청소는 어떤 주행 조건에서 수시 점검해야 하나요?,"로워암 볼 조인트 청소는 모래, 먼지가 많은 지역 주행, 교통 체증이 심한 구역 주행 등의 주행 조건에서 상태에 따라 수시 점검해야 합니다."
엔진 오일 레벨을 점검하는 단계는 무엇인가요?,"엔진 오일 레벨을 점검하는 단계는 먼저 차량을 평지에 주차하고 엔진을 예열한 후, 시동을 끄고 엔진 후드를 열고 엔진 오일 주입구 캡 및 레벨 게이지를 뽑아 오일 팬의 유면이 안정될 때까지 약 15분 기다린 후, 엔진 오일 레벨 게이지를 깨끗한 헝겊으로 닦고 다시 꽂은 후 뽑아 오일양이 레벨 게이지의 F-L선 사이에 있는지 확인하는 것입니다."
냉각수 보조 탱크 캡을 열 때 주의해야 할 점은 무엇인가요?,"냉각수 보조 탱크 캡을 열 때는 부직포나 두꺼운 헝겊 등으로 캡 주위를 감싼 뒤 천천히 열어야 하며, 엔진 작동 중에는 냉각수가 너무 뜨거워 화상을 입을 수 있으므로 반드시 엔진이 다 식었을 때 열어야 합니다."
브레이크/클러치 오일을 보충한 후에 주의해야 할 점은 무엇인가요?,"브레이크/클러치 오일을 보충한 후에는 캡이 완전히 잠겼는지 확인하고, 오일이 흘러내리면 즉시 닦아야 합니다. 오일이 플라스틱 재질의 부품을 훼손할 수 있기 때문입니다."
연료 필터 수분 경고등이 켜졌을 때 어떤 조치를 취해야 하나요?,연료 필터 수분 경고등이 켜지면 즉시 가까운 당사 직영 하이테크센터나 블루핸즈에서 배수 작업을 받아야 합니다. 그렇지 않으면 연료 필터에 수분이 유입되어 갑자기 시동이 꺼질 수 있습니다.
앞 유리창 와이퍼 블레이드를 교체하는 단계는 무엇인가요?,"앞 유리창 와이퍼 블레이드를 교체하는 단계는 먼저 와이퍼 암을 세우고, 잠금쇠를 세운 후 블레이드를 아래로 내려 분리하고, 새 와이퍼 블레이드를 장착한 후 와이퍼 암을 내려 유리창에 위치시키고, 엔진 시동 후 와이퍼를 1회 작동하여 정상적으로 작동되는지 확인하는 것입니다."
배터리를 다룰 때 반드시 지켜야 할 안전 지시 사항은 무엇인가요?,"배터리를 다룰 때 반드시 지켜야 할 안전 지시 사항은 담뱃불과 모든 기타 화염 또는 불꽃을 멀리하고, 배터리가 어린이의 손에 닿지 않게 하며, 전해액이 눈이나 피부에 닿지 않도록 주의하고, 눈 보호대를 착용하며, 밀폐된 공간에서는 환기를 시키고, 배터리를 분리수거하여 처리하는 것입니다."
타이어 공기압을 주행 직후에 조정하면 안 되는 이유는 무엇인가요?,주행 직후 타이어 공기압을 조정하면 안 되는 이유는 주행한 타이어의 공기압이 차가운 상태에서 초기 적용된 공기압 대비 4-6 psi 정도 높아지기 때문입니다. 이때 추천 공기압으로 맞추면 결과적으로 낮은 공기압 상태가 됩니다.
타이어의 속도 등급 'V'는 최대 몇 km/h까지 안전하게 주행할 수 있나요?,타이어의 속도 등급 'V'는 최대 240 km/h까지 안전하게 주행할 수 있습니다.
"타이어가 6년이 지나면 어떤 현상이 발생할 수 있으며, 이를 방지하기 위해 무엇을 해야 하나요?",타이어가 6년이 지나면 반제품 간 박리 현상이 일어나 차량의 손상이나 사고로 이어질 수 있습니다. 이를 방지하기 위해 제조 시기를 확인하고 반드시 적절한 시기에 타이어를 교체해야 합니다.
퓨즈가 단선되었을 때 교체하는 절차는 무엇인가요?,"퓨즈가 단선되었을 때 교체하는 절차는 먼저 시동을 끄고, 모든 전기 장치 스위치를 끈 후, 잠금쇠를 누르고 커버를 분리한 다음, 작동하지 않는 전기 장치의 퓨즈를 점검하여 단선되었으면 퓨즈 뽑개로 제거하고, 동일한 용량의 예비 퓨즈를 손으로 단단히 꽂은 후, 커버를 다시 장착하는 것입니다."
전구를 교체하기 전에 어떤 안전 조치를 취해야 하나요?,전구를 교체하기 전에 시동을 끄고 주차 브레이크를 확실히 걸어두어야 합니다. 이는 작업 중에 차량이 갑자기 움직이거나 전기 충격에 감전되는 사고를 예방할 수 있습니다.
LED 타입의 전조등이 켜지지 않을 경우 어떻게 해야 하나요?,LED 타입의 전조등이 켜지지 않을 경우에는 가까운 당사 직영 하이테크센터나 블루핸즈에서 점검 및 정비를 받으십시오.
LED 타입의 맵 램프/룸 램프/선바이저 램프가 켜지지 않을 경우 어떻게 해야 하나요?,LED 타입의 맵 램프/룸 램프/선바이저 램프가 켜지지 않을 경우에는 가까운 당사 직영 하이테크센터나 블루 핸즈에서 점검 및 정비를 받아야 합니다.
무광 컬러 차량을 세차할 때 주의해야 할 점은 무엇인가요?,"무광 컬러 차량을 세차할 때는 자동 세차기와 스팀 세차기를 사용하지 말고, 부드러운 재질의 타올이나 스펀지를 사용해 세차하며, 물기를 제거할 때는 극세사 타올을 사용해야 합니다."
알루미늄 휠 세척 시 사용해서는 안 되는 세제는 무엇인가요?,"알루미늄 휠 세척 시 알칼리성, 산성계 세제 및 타이어 광택제를 사용해서는 안 됩니다."
"가죽제품(스티어링 휠, 시트 등)을 청소할 때 사용해야 하는 세척제는 무엇인가요?","가죽제품(스티어링 휠, 시트 등)을 청소할 때는 중성 세제 또는 알코올이 소량 함유된 세척제를 사용해야 합니다."
점화플러그를 점검하거나 교체할 때 주의해야 할 사항은 무엇인가요?,"점화플러그를 점검하거나 교체할 때는 엔진이 충분히 식은 후에 진행해야 하며, 반드시 지정된 형식의 점화플러그를 사용해야 합니다. 또한, 인슐레이터와 점화코일 부트하단 내·외부 오염물질을 부드러운 천으로 닦은 후 조립해야 합니다."
"디젤엔진에서 배출되는 주요한 공해 요소는 무엇이며, 이를 측정하는 방법은 무엇인가요?","디젤엔진에서 배출되는 주요한 공해 요소는 흑색 연기(매연)이며, 이를 측정하는 방법은 규정된 무부하 급가속 3모드 매연 측정 방법으로 실시합니다."
디젤 매연 필터 장치 경고등이 켜졌을 때 어떻게 해야 하나요?,"디젤 매연 필터 장치 경고등이 켜졌을 때는 안전이 허락되는 주행 조건에서 60 km/h 이상 또는 변속기를 2단 이상으로 하여 1,250~2,500 RPM으로 약 25분 이상 주행하면 매연 필터 장치 재생이 완료되어 경고등이 꺼집니다."
요소수를 주입할 때 주의해야 할 점은 무엇인가요?,"요소수를 주입할 때 주의해야 할 점은 ISO 22241 규격에 맞는 요소수를 사용하고, 이물질이 유입되지 않도록 주의하며, 첨가제나 물을 절대 섞지 않는 것입니다. 잘못된 요소수를 사용하면 차량이 고장 날 수 있습니다."
요소수를 보충할 때 주의해야 할 점은 무엇인가요?,"요소수를 보충할 때는 통풍이 잘되는 장소에서 보충하고, 직사광선 노출로 인해 요소수가 50℃까지 가열되지 않도록 주의해야 합니다. 또한, 고온에서 요소수 탱크 주입구를 열면 암모니아 증기가 나올 수 있으므로 주의해야 합니다."
ISG 시스템의 강제 시동 조건은 무엇인가요?,ISG 시스템의 강제 시동 조건은 ISG 시스템이 작동 중일 때 특정 조건이 충족되면 엔진이 자동으로 시동되는 것을 의미합니다.
스마트 키의 비상 키 분리 방법은 무엇인가요?,스마트 키의 비상 키 분리 방법은 스마트 키의 하단에 있는 버튼을 누르고 비상 키를 당겨서 분리하는 것입니다.
엔진 후드를 여는 방법은 무엇인가요?,"엔진 후드를 여는 방법은 차량 내부에서 후드 릴리스 레버를 당긴 후, 차량 앞쪽으로 가서 후드 잠금 장치를 해제하고 후드를 들어 올리는 것입니다."
차량의 타이어 공기압 경보 시스템(TPMS)이 이상이 있을 때 어떻게 확인할 수 있나요?,차량의 타이어 공기압 경보 시스템(TPMS)이 이상이 있을 때는 타이어 공기압 경보 시스템 이상을 확인하여 문제를 진단할 수 있습니다.
디지털 키를 사용할 때 제한 사항은 무엇인가요?,디지털 키를 사용할 때 제한 사항은 중고차를 구입할 때 디지털 키 관련 차량 정비 프로필 및 차량 설정 개인화를 확인해야 한다는 것입니다.
차량의 하이빔 보조(HBA) 시스템이 작동하지 않을 때 어떤 제한 사항이 있을 수 있나요?,차량의 하이빔 보조(HBA) 시스템이 작동하지 않을 때는 하이빔 보조 이상 및 제한 사항을 확인하여 문제를 진단할 수 있습니다.
최한선에 대해 알려주세요.,최한선은 1992년 1월 18일 서산에서 출생했으며 현재 발표를 진행중에 있습니다.
국방인공지능응용학과에대해 알려주세요,"2023년 국방 무인․로봇 및 인공지능분야 방위사업청 계약학과 주관대학으로 선정되었으며, 국방혁신의 핵심분야가 AI 및 무인, 로봇 분야로 진화 및 발전함에 따른 국방 및 방산분야 미래변화를 선도적으로 주도할 인재를 양성하는 전일제 석박사 과정으로 방위산업 관련 기업 채용보장, 국비지원, 병역특례 등이 주어지는 학과입니다."
ddualab에 대해 알려주세요,"데이터 기반 사용자 분석 연구실(DDUA Lab)은 머신 러닝 및 데이터 분석을 기반으로 사용 시퀀스 데이터, 이미지 데이터, IoT 데이터, 리뷰 텍스트 데이터 등 심도 있는 사용자 생성 데이터를 분석하는 연구를 수행하고 있습니다. 특히, 산업 공학, HCI, UX, 수학 등 다양한 백그라운드를 활용하여 분석 알고리즘부터  비즈니스 적용까지 데이터 분석의 value chain end-to-end를 포괄하고 있습니다."
